,sum_sq,df,F,PR(>F)
C(Model),0.0726453993055624,2.0,0.6787711520048275,0.5076516112788624
C(Age),0.21636284722224672,2.0,2.0216126618336845,0.13339524670512082
C(Model):C(Age),0.25417751736111766,4.0,1.187469323055414,0.3152049424337488
Residual,30.341552734374996,567.0,,
